[
	{
		"label":1,
		"name":"汽车",
		"url":"auto.sohu.com/"
	},
	{
		"label":2,
		"name":"财经",
		"url":"business.sohu.com/"
	},
	{
		"label":3,
		"name":"IT",
		"url":"it.sohu.com/"
	},
	{
		"label":4,
		"name":"健康",
		"url":"health.sohu.com/"
	},
	{
		"label":5,
		"name":"体育",
		"url":"sports.sohu.com/"
	},
	{
		"label":6,
		"name":"旅游",
		"url":"travel.sohu.com/"
	},
	{
		"label":7,
		"name":"教育",
		"url":"learning.sohu.com/"
	},
	{
		"label":8,
		"name":"招聘",
		"url":"career.sohu.com/"
	},
	{
		"label":9,
		"name":"军事",
		"url":"mil.news.sohu.com/"
	},
	{
		"label":10,
		"name":"文化",
		"url":"cul.sohu.com/"
	},
	{
		"label":11,
		"name":"房产",
		"url":"house.sohu.com/"
	},
	{
		"label":12,
		"name":"娱乐",
		"url":"yule.sohu.com/"
	},
	{
		"label":13,
		"name":"时尚",
		"url":"women.sohu.com/"
	},
	{
		"label":14,
		"name":"传媒",
		"url":"media.sohu.com/"
	},
	{
		"label":15,
		"name":"公益",
		"url":"gongyi.sohu.com/"
	}
]